{"count":1,"self":1606.8606975999999,"total":4343.317206,"children":{"InitializeActuators":{"count":1,"self":0.001361,"total":0.001361,"children":null},"InitializeSensors":{"count":1,"self":0.000988,"total":0.000988,"children":null},"AgentSendState":{"count":2603254,"self":3.1580269999999997,"total":11.225634,"children":{"CollectObservations":{"count":526652,"self":1.9993729999999998,"total":1.9993729999999998,"children":null},"WriteActionMask":{"count":526651,"self":0.323619,"total":0.323619,"children":null},"RequestDecision":{"count":526651,"self":1.11506,"total":5.744615,"children":{"AgentInfo.ToProto":{"count":526651,"self":1.2781609999999999,"total":4.629555,"children":{"GenerateSensorData":{"count":526651,"self":3.351394,"total":3.351394,"children":null}}}}}}},"DecideAction":{"count":2603253,"self":2449.4850048,"total":2449.4851009999998,"children":null},"AgentAct":{"count":2603253,"self":275.6626176,"total":275.742146,"children":{"AgentInfo.ToProto":{"count":10000,"self":0.024546,"total":0.079541,"children":{"GenerateSensorData":{"count":10000,"self":0.054994999999999995,"total":0.054994999999999995,"children":null}}}}}},"gauges":{"Ship.CumulativeReward":{"count":10000,"max":0.400012016,"min":-14.9000006,"runningAverage":-9.150627,"value":-9.700001,"weightedAverage":-9.37799}},"metadata":{"timer_format_version":"0.1.0","start_time_seconds":"1699248418","unity_version":"2022.3.10f1","command_line_arguments":"\/home\/nsix\/python\/PW1\/build1\/rl_space_rings\/space_rings_env.x86_64 --mlagents-port 5008","communication_protocol_version":"1.5.0","com.unity.ml-agents_version":"2.0.1","scene_name":"Player","end_time_seconds":"1699252761"}}