{"count":1,"self":3855.1715839999997,"total":9066.522035,"children":{"InitializeActuators":{"count":1,"self":0.0013369999999999999,"total":0.0013369999999999999,"children":null},"InitializeSensors":{"count":1,"self":0.00099899999999999989,"total":0.00099899999999999989,"children":null},"AgentSendState":{"count":5438210,"self":6.3956992,"total":20.687679,"children":{"CollectObservations":{"count":1093643,"self":1.7265979999999999,"total":1.7265979999999999,"children":null},"WriteActionMask":{"count":1093642,"self":0.64325,"total":0.64325,"children":null},"RequestDecision":{"count":1093642,"self":2.261862,"total":11.922132,"children":{"AgentInfo.ToProto":{"count":1093642,"self":3.219283,"total":9.6602699999999988,"children":{"GenerateSensorData":{"count":1093642,"self":6.4409871999999995,"total":6.440987,"children":null}}}}}}},"DecideAction":{"count":5438209,"self":4927.4220544,"total":4927.42188,"children":null},"AgentAct":{"count":5438209,"self":263.15896319999996,"total":263.237431,"children":{"AgentInfo.ToProto":{"count":10000,"self":0.026573,"total":0.078467,"children":{"GenerateSensorData":{"count":10000,"self":0.051893999999999996,"total":0.051893999999999996,"children":null}}}}}},"gauges":{"Ship.CumulativeReward":{"count":10000,"max":405,"min":-10,"runningAverage":25.53895,"value":45,"weightedAverage":32.3099365}},"metadata":{"timer_format_version":"0.1.0","start_time_seconds":"1698654667","unity_version":"2022.3.10f1","command_line_arguments":"\/home\/nsix\/python\/PW1\/build1\/rl_space_rings\/space_rings_env.x86_64 --mlagents-port 5005","communication_protocol_version":"1.5.0","com.unity.ml-agents_version":"2.0.1","scene_name":"Player","end_time_seconds":"1698663733"}}