{"count":1,"self":303.79304959999996,"total":372.910267,"children":{"InitializeActuators":{"count":1,"self":0.0014299999999999998,"total":0.0014299999999999998,"children":null},"InitializeSensors":{"count":1,"self":0.0010329999999999998,"total":0.0010329999999999998,"children":null},"AgentSendState":{"count":222767,"self":0.300188,"total":1.00193,"children":{"CollectObservations":{"count":44615,"self":0.167317,"total":0.167317,"children":null},"WriteActionMask":{"count":44614,"self":0.027628,"total":0.027628,"children":null},"RequestDecision":{"count":44614,"self":0.103694,"total":0.50679699999999994,"children":{"AgentInfo.ToProto":{"count":44614,"self":0.125908,"total":0.403103,"children":{"GenerateSensorData":{"count":44614,"self":0.27719499999999997,"total":0.27719499999999997,"children":null}}}}}}},"DecideAction":{"count":222766,"self":65.4236672,"total":65.42367,"children":null},"AgentAct":{"count":222766,"self":2.687346,"total":2.687974,"children":{"AgentInfo.ToProto":{"count":100,"self":0.000216,"total":0.000628,"children":{"GenerateSensorData":{"count":100,"self":0.000412,"total":0.000412,"children":null}}}}}},"gauges":{"Ship.CumulativeReward":{"count":100,"max":359.3057,"min":-11.4,"runningAverage":54.64618,"value":14.90003,"weightedAverage":79.353714}},"metadata":{"timer_format_version":"0.1.0","start_time_seconds":"1700577219","unity_version":"2022.3.10f1","command_line_arguments":"\/home\/nsix\/python\/PW1\/build1\/rl_space_rings\/space_rings_env.x86_64 --mlagents-port 5008","communication_protocol_version":"1.5.0","com.unity.ml-agents_version":"2.0.1","scene_name":"Player","end_time_seconds":"1700577592"}}