{"count":1,"self":2723.5151871999997,"total":6643.4336109999995,"children":{"InitializeActuators":{"count":1,"self":0.001441,"total":0.001441,"children":null},"InitializeSensors":{"count":1,"self":0.001022,"total":0.001022,"children":null},"AgentSendState":{"count":3984339,"self":4.7683551999999993,"total":15.278846999999999,"children":{"CollectObservations":{"count":802869,"self":1.2970359999999999,"total":1.2970359999999999,"children":null},"WriteActionMask":{"count":802868,"self":0.48314799999999997,"total":0.48314799999999997,"children":null},"RequestDecision":{"count":802868,"self":1.7354939999999999,"total":8.7303079999999991,"children":{"AgentInfo.ToProto":{"count":802868,"self":2.29889,"total":6.994814,"children":{"GenerateSensorData":{"count":802868,"self":4.695924,"total":4.695924,"children":null}}}}}}},"DecideAction":{"count":3984338,"self":3643.4608128,"total":3643.4609579999997,"children":null},"AgentAct":{"count":3984338,"self":261.10272,"total":261.175054,"children":{"AgentInfo.ToProto":{"count":10000,"self":0.024246999999999998,"total":0.072328999999999991,"children":{"GenerateSensorData":{"count":10000,"self":0.048082,"total":0.048082,"children":null}}}}}},"gauges":{"Ship.CumulativeReward":{"count":10000,"max":135,"min":-10,"runningAverage":9.985991,"value":15,"weightedAverage":13.6700335}},"metadata":{"timer_format_version":"0.1.0","start_time_seconds":"1698645041","unity_version":"2022.3.10f1","command_line_arguments":"\/home\/nsix\/python\/PW1\/build1\/rl_space_rings\/space_rings_env.x86_64 --mlagents-port 5005","communication_protocol_version":"1.5.0","com.unity.ml-agents_version":"2.0.1","scene_name":"Player","end_time_seconds":"1698651685"}}