{"count":1,"self":9046.9195776,"total":21829.737401,"children":{"InitializeActuators":{"count":1,"self":0.0015119999999999999,"total":0.0015119999999999999,"children":null},"InitializeSensors":{"count":1,"self":0.001124,"total":0.001124,"children":null},"AgentSendState":{"count":11234716,"self":13.7658144,"total":48.526810999999995,"children":{"CollectObservations":{"count":2252945,"self":8.1561104,"total":8.15611,"children":null},"WriteActionMask":{"count":2252944,"self":1.559949,"total":1.559949,"children":null},"RequestDecision":{"count":2252944,"self":4.778254,"total":25.044938,"children":{"AgentInfo.ToProto":{"count":2252944,"self":6.0377899999999993,"total":20.266683999999998,"children":{"GenerateSensorData":{"count":2252944,"self":14.2288944,"total":14.228893999999999,"children":null}}}}}}},"DecideAction":{"count":11234715,"self":12442.5125888,"total":12442.512363,"children":null},"AgentAct":{"count":11234715,"self":291.6740096,"total":291.774661,"children":{"AgentInfo.ToProto":{"count":10000,"self":0.028801,"total":0.10063899999999999,"children":{"GenerateSensorData":{"count":10000,"self":0.071838,"total":0.071838,"children":null}}}}}},"gauges":{"Ship.CumulativeReward":{"count":10000,"max":473.9073,"min":-18.0999966,"runningAverage":19.57637,"value":38.3998375,"weightedAverage":29.3245144}},"metadata":{"timer_format_version":"0.1.0","start_time_seconds":"1699874138","unity_version":"2022.3.10f1","command_line_arguments":"\/home\/nsix\/python\/PW1\/build1\/rl_space_rings\/space_rings_env.x86_64 --mlagents-port 5008","communication_protocol_version":"1.5.0","com.unity.ml-agents_version":"2.0.1","scene_name":"Player","end_time_seconds":"1699895967"}}