{"count":1,"self":4196.0464384,"total":9435.097896,"children":{"InitializeActuators":{"count":1,"self":0.0013809999999999998,"total":0.0013809999999999998,"children":null},"InitializeSensors":{"count":1,"self":0.00106,"total":0.00106,"children":null},"AgentSendState":{"count":5659409,"self":6.6474139999999995,"total":21.144354999999997,"children":{"CollectObservations":{"count":1137883,"self":1.770325,"total":1.770325,"children":null},"WriteActionMask":{"count":1137882,"self":0.71816499999999994,"total":0.71816499999999994,"children":null},"RequestDecision":{"count":1137882,"self":2.487503,"total":12.008450999999999,"children":{"AgentInfo.ToProto":{"count":1137882,"self":3.3147379999999997,"total":9.5209479999999989,"children":{"GenerateSensorData":{"count":1137882,"self":6.20621,"total":6.20621,"children":null}}}}}}},"DecideAction":{"count":5659408,"self":4960.8216575999995,"total":4960.821655,"children":null},"AgentAct":{"count":5659408,"self":257.0113536,"total":257.08178,"children":{"AgentInfo.ToProto":{"count":10000,"self":0.022897,"total":0.070429999999999993,"children":{"GenerateSensorData":{"count":10000,"self":0.047533,"total":0.047533,"children":null}}}}}},"gauges":{"Ship.CumulativeReward":{"count":10000,"max":250,"min":-10,"runningAverage":27.8190174,"value":40,"weightedAverage":24.1876945}},"metadata":{"timer_format_version":"0.1.0","start_time_seconds":"1698671664","unity_version":"2022.3.10f1","command_line_arguments":"\/home\/nsix\/python\/PW1\/build1\/rl_space_rings\/space_rings_env.x86_64 --mlagents-port 5005","communication_protocol_version":"1.5.0","com.unity.ml-agents_version":"2.0.1","scene_name":"Player","end_time_seconds":"1698681099"}}