{"count":1,"self":3168.8871936,"total":7362.6992249999994,"children":{"InitializeActuators":{"count":1,"self":0.0013419999999999999,"total":0.0013419999999999999,"children":null},"InitializeSensors":{"count":1,"self":0.000988,"total":0.000988,"children":null},"AgentSendState":{"count":4416277,"self":4.8595568,"total":14.991610999999999,"children":{"CollectObservations":{"count":889257,"self":1.310818,"total":1.310818,"children":null},"WriteActionMask":{"count":889256,"self":0.472466,"total":0.472466,"children":null},"RequestDecision":{"count":889256,"self":1.576338,"total":8.34877,"children":{"AgentInfo.ToProto":{"count":889256,"self":2.382271,"total":6.7724319999999993,"children":{"GenerateSensorData":{"count":889256,"self":4.3901607999999994,"total":4.390161,"children":null}}}}}}},"DecideAction":{"count":4416276,"self":3918.6309119999996,"total":3918.630971,"children":null},"AgentAct":{"count":4416276,"self":260.114304,"total":260.186053,"children":{"AgentInfo.ToProto":{"count":10000,"self":0.024633,"total":0.07174599999999999,"children":{"GenerateSensorData":{"count":10000,"self":0.047112999999999995,"total":0.047112999999999995,"children":null}}}}}},"gauges":{"Ship.CumulativeReward":{"count":10000,"max":195,"min":-10,"runningAverage":14.9144993,"value":5,"weightedAverage":10.3935509}},"metadata":{"timer_format_version":"0.1.0","start_time_seconds":"1698691312","unity_version":"2022.3.10f1","command_line_arguments":"\/home\/nsix\/python\/PW1\/build1\/rl_space_rings\/space_rings_env.x86_64 -nographics -batchmode --mlagents-port 5005","communication_protocol_version":"1.5.0","com.unity.ml-agents_version":"2.0.1","scene_name":"Player","end_time_seconds":"1698698675"}}