{"count":1,"self":1135.6648447999999,"total":4404.964898,"children":{"InitializeActuators":{"count":1,"self":0.001534,"total":0.001534,"children":null},"InitializeSensors":{"count":1,"self":0.001035,"total":0.001035,"children":null},"AgentSendState":{"count":1889945,"self":1.9584499999999998,"total":7.262334,"children":{"CollectObservations":{"count":379384,"self":1.54115,"total":1.54115,"children":null},"WriteActionMask":{"count":379383,"self":0.198257,"total":0.198257,"children":null},"RequestDecision":{"count":379383,"self":0.66338199999999992,"total":3.5644769999999997,"children":{"AgentInfo.ToProto":{"count":379383,"self":0.81713099999999994,"total":2.9010949999999998,"children":{"GenerateSensorData":{"count":379383,"self":2.083964,"total":2.083964,"children":null}}}}}}},"DecideAction":{"count":1889944,"self":2971.0008319999997,"total":2971.000864,"children":null},"AgentAct":{"count":1889944,"self":290.94049279999996,"total":291.033081,"children":{"AgentInfo.ToProto":{"count":11125,"self":0.034270999999999996,"total":0.092585,"children":{"GenerateSensorData":{"count":11125,"self":0.058314,"total":0.058314,"children":null}}}}}},"gauges":{"Ship.CumulativeReward":{"count":11125,"max":0,"min":-100,"runningAverage":-97.2759,"value":-100,"weightedAverage":-92.84892}},"metadata":{"timer_format_version":"0.1.0","start_time_seconds":"1698560354","unity_version":"2022.3.10f1","command_line_arguments":"\/home\/nsix\/python\/PW1\/build1\/rl_space_rings\/space_rings_env.x86_64 -nographics -batchmode --mlagents-port 5012","communication_protocol_version":"1.5.0","com.unity.ml-agents_version":"2.0.1","scene_name":"Player","end_time_seconds":"1698564759"}}